_id,foodName,foodPhoto,foodProcessing,foodIngredients,cookingTime,feel,foodRations,mealType,foodProcessingType,__v,userId,aveRating
65636f151ebaf61b271ddbae,Tôm hùm hấp bia,https://www.cet.edu.vn/wp-content/uploads/2019/10/cach-lam-tom-hum-hap-bia.jpg,"Bước 1: Chuẩn bị tôm hùm\n\nRửa sạch tôm hùm dưới nước lạnh.\nNếu tôm hùm còn sống, bạn có thể đặt chúng vào tủ lạnh trong khoảng 15-30 phút để chúng ngủ trạng thái ""đông"" trước khi nấu.\nBước 2: Gia vị\n\nTrộn gia vị, bia và tỏi băm nhuyễn để tạo thành nước lưới.\nCó thể thêm muối, tiêu và ớt theo khẩu vị cá nhân.\nBước 3: Hấp tôm hùm\n\nĐặt tôm hùm vào khay hấp hoặc nồi hấp.\nRót nước lưới bia gia vị đã trộn lên tôm hùm.\nHấp trong khoảng 10-15 phút (thời gian có thể thay đổi tùy thuộc vào kích thước của tôm hùm).", Tôm hùm 2 con\n Sả 3 cây\n Ớt 2 trái\n Bia 300 ml\n(1 lon)\n Muối 1 ít,2h 30 phút ,Dễ làm ,3 người ,Bữa Tối,Hấp,0,65847078c932ddea4a36487a,3.75
6564badedce5ca31b2f1b7bf,Ốc mít luộc mắm,https://img-global.cpcdn.com/recipes/bf9d371594ec90c5/1360x964cq70/%E1%BB%91c-mit-lu%E1%BB%99c-m%E1%BA%AFm-recipe-main-photo.webp,"1. Chuẩn bị ốc mít:\n- Nếu bạn có ốc mít nguyên vẹn, hãy tách vỏ và lấy ốc mít.\n- Rửa sạch ốc mít dưới nước lạnh.\n2. Luộc ốc mít:\n- Đun sôi một nồi nước với một ít muối.\n- Cho ốc mít vào nước sôi và luộc khoảng 5-7 phút cho đến khi ốc chín và co lại.\n- Sau đó, hấp nhẹ khoảng 2-3 phút để ốc mít giữ độ ngon và giữ hình dạng.\n3. Chuẩn bị nước mắm:\n- Trong một tô nhỏ, trộn nước mắm, đường, tương ớt, nước cốt dừa, lá chanh hoặc nước cốt chanh, tỏi băm nhuyễn, ớt băm nhuyễn, và gừng băm nhuyễn. Khuấy đều để đảm bảo các thành phần hòa quện.\n4. Tẩm ốc mít:\n- Khi ốc mít đã luộc chín, đặt chúng vào một tô hoặc đĩa.\n- Đổ nước mắm đã trộn lên ốc mít, đảm bảo nước mắm bao phủ đều.\n5. Dùng ốc mít luộc mắm:\n- Ứng dụng phương pháp ăn với bánh mì hoặc bánh đa, hoặc có thể ăn kèm với rau sống như rau sống, rau sống, dưa leo, ớt xanh.\n",1. Nước mắm: 3-4 thìa canh (tùy khẩu vị).\n2. Đường: 1-2 thìa canh (tùy khẩu vị).\n3. Tương ớt: 1 thìa canh (tùy khẩu vị).\n4. Nước cốt dừa: 2 thìa canh.\n5. Lá chanh hoặc nước cốt chanh: 1 thìa canh.\n6. Tỏi băm nhuyễn: 1 thìa cà phê.\n7. Ớt băm nhuyễn (nếu bạn thích cay): 1/2 thìa cà phê.\n8. Gừng băm nhuyễn: 1/2 thìa cà phê.\n,buoc 11,Dễ làm,buoc 11,Bữa Sáng,Luộc,0,658470d2a5eb7a8f3b17483e,4
6564baf9dce5ca31b2f1b7c1,Thịt bò kho,https://cdn.tgdd.vn/2020/10/CookProduct/uyu(1)-1200x675.jpg,"1. Chuẩn bị thịt bò:\n- Thái thịt thành các miếng vừa ăn.\n2. Xào thịt bò:\n- Đun nóng dầu ăn trong nồi, thêm hành tím băm nhuyễn vào xào thơm.\n- Cho thịt bò vào xào đều cho đến khi thịt chuyển sang màu nâu.\n3. Thêm gia vị:\n- Thêm nước mắm, dầu hào, đường, tiêu, và bột ngũ vị hương vào nồi. Trở lại xào cho gia vị thấm đều vào thịt.\n4. Đun nấu thịt bò kho:\n- Đổ nước ấm vào nồi, đun sôi và giảm lửa vừa, để thịt bò hầm chín từ 30-45 phút.\n- Thêm cà rốt, khoai lang vào nồi và hầm tiếp từ 15-20 phút cho đến khi rau củ mềm.\n5. Kiểm tra hương vị và dọn ra:\n- Kiểm tra và điều chỉnh hương vị nếu cần thiết (thêm muối, nước mắm, đường theo khẩu vị).\n- Khi thịt và rau củ đã chín mềm, tắt bếp và để nó nguội một chút trước khi dùng.\n6. Dùng thịt bò kho:\n- Thịt bò kho thường được ăn kèm với cơm trắng, bún hoặc bánh mì. Bạn cũng có thể thưởng thức món này với đồ chua như dưa leo hoặc cà chua thái lát.\n","1. Thịt bò:\n- 500g thịt bò (nên chọn những phần thịt có chút mỡ để tăng hương vị).\n- Thái thịt thành các miếng vừa ăn.\n2. Rau củ:\n- 2 củ cà rốt, bổ dôi và thái hình dải.\n- 2 củ khoai lang, bổ dôi và cắt lát mỏng.\n- 1 củ cần tây, thái sợi.\n3. Nước mắm:\n- 3 thìa canh nước mắm.\n4. Gia vị:\n- 2 thìa canh dầu ăn.\n- 2 thìa canh dầu hào.\n- 1 thìa canh đường.\n- 1 thìa canh tiêu.\n- 1 ống hành tím, thái nhuyễn.\n- 1 thìa cà phê bột ngũ vị hương.\n5. Đồ chua:\n- Dưa leo hoặc cà chua thái lát.",buoc 1,Dễ làm,buoc 11,Bữa Sáng,Kho,0,65847078c932ddea4a36487a,5
65669db55a051c7c3448ada1,Bạch tuộc nướng sa tế,https://statics.vincom.com.vn/xu-huong/chi_tiet_xu_huong/1/14-4/4/bach-tuot-nuong-sate.jpg,"1. Chuẩn bị bạch tuộc:\n- Bạn có thể mua bạch tuộc tươi ngon và đã được làm sạch từ cửa hàng hải sản hoặc làm sạch chúng tại nhà.\n- Nếu bạch tuộc có vỏ, hãy lột vỏ và làm sạch kỹ.\n2. Chuẩn bị nước sốt Sa Tế:\n- Trong một tô, trộn tương ớt Sa Tế, nước tương, dầu hào, dầu mè, đường, nước mắm, tỏi băm nhuyễn, và tiêu. Khuấy đều cho tạo thành nước sốt.\n3. Tẩm ướp bạch tuộc:\n- Đặt bạch tuộc trong một tô lớn và tẩm ướp chúng với 1/2 lượng nước sốt vừa pha sẵn. Để thấm ít nhất 15-20 phút.\n4. Nướng bạch tuộc:\n- Trước khi nướng, bôi mỡ heo hoặc dầu ăn lên bạch tuộc để chống dính.\n- Nướng bạch tuộc trên bếp than hoặc bếp gas với lửa lớn khoảng 5-7 phút mỗi mặt, hoặc cho đến khi bạch tuộc chín và có màu hấp dẫn.\n- Trong quá trình nướng, có thể quết thêm nước sốt Sa Tế lên bạch tuộc để tăng thêm hương vị.\n5. Dùng bạch tuộc nướng Sa Tế:\n- Bày bạch tuộc lên đĩa, rưới thêm một ít nước sốt Sa Tế và ăn kèm với rau sống.\n","1. Bạch tuộc:\n- Bạch tuộc tươi ngon, đã làm sạch và bóc vỏ.\n2. Nguyên liệu nước sốt Sa Tế:\n- 2-3 thìa canh tương ớt Sa Tế.\n- 2 thìa canh nước tương.\n- 1 thìa canh dầu hào.\n- 1 thìa canh dầu mè.\n- 1 thìa canh đường.\n- 1 thìa cà phê nước mắm.\n- 2-3 tép tỏi băm nhuyễn.\n- 1/2 thìa cà phê tiêu.\n3. Nguyên liệu phụ:\n- Mỡ heo hoặc dầu ăn để chống dính khi nướng.\n- Rau sống (cà rốt, dưa leo, lá xà lách) để ăn kèm.\n",2 giờ,Dễ làm,buoc 11,Bữa Trưa,Nướng,0,65847104a5eb7a8f3b17483f,4
6566a9e55a051c7c3448adaa,Thịt bò xào nấm mỡ,https://cdn.tgdd.vn/2021/10/CookDish/cach-lam-thit-bo-xao-nam-mo-thom-ngon-dinh-duong-cho-ca-nha-avt-1200x676.jpg,"1. Chuẩn bị thịt bò:\n- Ươm thịt bò với nước mắm và để thấm ít nhất 15-20 phút.\n- Thái thịt thành sợi mỏng.\n2. Xào thịt bò:\n- Đun nóng dầu ăn trong chảo.\n- Cho hành tím và tỏi băm vào chảo xào thơm.\n3. Xào thịt bò với nấm:\n- Đặt thịt bò vào chảo, xào nhanh cho thịt chuyển sang màu nâu.\n- Thêm nấm mỡ vào chảo, tiếp tục xào cho đến khi nấm và thịt bò chín và có màu hấp dẫn.\n- Điều chỉnh hương vị bằng cách thêm tiêu, muối, và nước mắm theo khẩu vị cá nhân.\n4. Dọn ra đĩa và trang trí:\n- Dọn thịt bò xào nấm lên đĩa.\n- Trang trí bằng rau sống như xà lách, cà rốt, dưa leo.\n5. Dùng nóng:\n- Thịt bò xào nấm thường được ăn ấm, kèm với cơm trắng hoặc bánh mì là sự lựa chọn tuyệt vời.\n","1. Thịt bò:\n- 300g thịt bò (lựa chọn phần thịt mềm, thái sợi mỏng).\n- 1 thìa canh nước mắm.\n- 1 thìa canh dầu ăn.\n2. Nấm mỡ:\n- 200g nấm mỡ, cắt lát.\n3. Rau sống:\n- Rau sống tùy chọn (xà lách, cà rốt, dưa leo) để trang trí và ăn kèm.\n4. Gia vị:\n- 1 ống hành tím, thái nhuyễn.\n- 2-3 tép tỏi, băm nhuyễn.\n- Tiêu, muối, và nước mắm theo khẩu vị.\n",2 giờ,Dễ làm,3 người,Bữa Sáng,Xào,0,65847078c932ddea4a36487a,4
656f45672b106a47c5bb0fab,Thịt bò một nắng,"data:image/jpeg;base64,/9j/4AAQSkZJRgABAQAAAQABAAD/2wCEAAoGBxQTExYTExQYFhYZGh8bGhkaGR8cHx0cHRwgGSAbGiAcHywiIRwoHRkbJDQjKiwuMTIxHCE3PDcwOyswMS4BCwsLDw4PHRERHTIpIikwMDAwMDIwMDIwMjIwMDAwMDAwMDAwMDIwMDAwMDAwMDAwMDAwMDAwMDAwMDAwMDAwMP/AABEIAKsBJwMBIgACEQEDEQH/xAAcAAACAwEBAQEAAAAAAAAAAAAFBgMEBwIBAAj/xAA/EAACAQIEBAQEAwcDAwQDAAABAhEDIQAEEjEFIkFRBmFxgRMykaFCscEHI1Ji0eHwFHKygpLxFSSiwhYzU//EABoBAAMBAQEBAAAAAAAAAAAAAAECAwAEBQb/xAAqEQACAgICAgEDBAIDAAAAAAAAAQIRAyESMQRBURMiYTJxwfAFgTORsf/aAAwDAQACEQMRAD8A0bM5sLyqJO/pjpSCNRE9fTABM4fiFhsRbHacXnlewx5P1EPQWytUOxk26DENXhskzUO844y4pvzKcXqeXWetx98CuXZiClkVmBUacTOWpiXqco3nHlbMLTBaowAHU4WuL8dNdvhgaafc9f6DAk4wj+TUS+LeOyhpUagBi7A3A7DzwkZSo1Nwyyb3knm7g4Z6uWpopYi/UixP9TgVXpBmlViNx19x0xyqXdglH2WuLZLWtKpSHK5uOx8/Q4sZdjRy2YqsYAptsf4VO0/TEOSqcpTsZ+oxV8Z5zRlhlwSGqEFiBMJO0fzG3oDjYouU1H0GMbegYlSnVqfFq1AFKAAK4KAbzvG5Jn7dlrO8Ud6jJl2FNA0BoBLR1n+Ht/eMSZXgfKzBUYpzM0AAAdvP0vbEQoEty2BvMgQv8USSO3vaYx6kMcU/kr9JLsqZnMZvb40ltgIDEknsN58+oxxTzlTLVWYotWqoEO5ZghvOkSATeLzHTBk0AKS1oioCYHZvkDb7aSpnupMyb0zl6QUMabG3W5J7mR3v/wCcXtJVRliTIV8XZlyAURx20kCN4s3ri9Q4+KoKNScEKZVXJGkGTeZtMxGKxy9NgOUKWiRt5EgAE+cScQ1E/wBNzi7E2EdIvb0vPkMTcIS6iLLCkrGajSOgaKjMvQSCIIjSfpb7RilnM69KA1PVTAMlbMpm0y0ET+c+sJ8QigUFIfFpEMWJDKxZjNpVVGnl7g4+4upqUhUqlab6WgaoZkKzp7GLmLm4k4hHDLl9y0TWNs7pZnWyFNIpuOUmS5PUkCwAgi/WO+LDZVg8oZ8wdjsfbCtw/MFW5SdNysiymQTHZiBv9u7XwfMh1m9yT5AjlIBgSCVJnzxs2PjtCPHRZymbqpAYFlmO5FpEHBDIceQOD8t4g2n1Ybde2K6L8pnqL+ewPpc/bEGf4fqJZRBvae7Een4oxyNRk9gpjlXQOklYVtxMnVe4/wA64G5jJsQRIJFw3WB3G+F7LVK6iRzDqpJFuonpH0xdocUSwYlT0DSu9xiTxuPRrI+ISOaJPcbH1+uIshnKvMAxEqUI3sTMCdhN8Gcvzi5tt7nz/wAGKnEOHMCSJB3Dd8NGa6Yrj7OcjXfL1ELs4QgjeREG0bC+GDLV1lk+HpaQdTLBLNBsetu/WL9xVKorU0eqdMyCYOk6f4jsLdcTMDVRlB1UdI5v4SDqDegZZB3A2mMI99hWiRao1I12DHpG2/8AfBy0Bhc7XMAjaTPqB+tsZlmOJtS0prZYvCm46GfbYHBDNeL5qk0dQpwV0NzWMXvsZAiNu+H+hK7ApDZxrKyNWmZi+xj169MBKtATqCwB67+U4N8Fz9PMopRrxzA3husjtiXikIuloAjcm8+Xl54zi+xuwVkKzMwvcWF9yQYBvH4T9MWKuSUkVEGk7ME9d585OK/DHUMRpluUr2OlgTPnG2LPA8s1Go4Y6VNiCZuxAW/eSL+d8DHBzbSDFWdcGDGbNB2kT6E9ME25TgimWgRGK2ZpY9THgWNaKJDDwXM6kGPsCeB5jSxGPsdcZaEEbhvGmQ8w1L1GCq5ylUHKY8jvhcejG+OGEY8iWMexryVVEMs4UeZjFt/E6U+VD8Q9I2+uEqosqeuLfBqQYSDzR/5H1wqbXRi9xHM1cwZqOQJso2GCOUy4dIPzKB/THWX+Ew0vynr5YqVeIpTqFQwZo2B6dCewsfphXFvbGRU4lnQCQTGmwNt5H5YA1c7prySRNgZMnrJ8r4541xOmiVqlJyakHSQQV1s0HSe63MeWE3h/E6quFZtYvZov35t/vi+PxnJNgabNd4dws6PiVJVfuT5YTuP8fTM1mqU7IsIrfyrt5mTJ2i+G3O1nzHChUSrBKKoPXmZUYSeunWsi/aJwj5LgiSrNqIWIkR6A+QAJ9Sv8WKYMSim/Y+NVs+ylE1XAB0XADNpUMQflZ2IAvAkeeLx4IwZdRh2GllT8ZBEX22i+5P8AtxQlGrtqCOCBIF1NwOhBkKCLWOq+0YM8UqtTV3PzAwADebKApNzpQDeYAPc46EvgtfyCuMVFV/hiCo3InST1KkC4uR2Mk3mcU25aYK7MOUXkn0MgkdwBj2hlhVIQONRNy0iPxRqm/XpHY4stweoBoZajD+VZEDZiwEFbAyPqLY0lsMX6IOB0TUMlflmCBEntpPY9R574o8VcVK0rpIFlDA39JMXn1wc4rnadGjoozqZdLEkC7DmSn23I1bnbb5l3MKEY6lKgglSGAKnsQDZZ9J3sNqJUK3Za4TkdYaq0hVJAAnnc2AF7BQZJ9N8W/GrHQlIfKIZj3/hB85J+mLnh/LKE+KwhmEi14uAekkjz64rUsrUzNZ6iv+5krH8ekcygR8okknsReYGAnWwNXoAUaAVTU2TbuY+wN5wyeGgPgUisEEHV1EgyQeo395tinxjKK9T4KfKo1PsO8X6Sb+5wOORVWimwmNJgkBgTBET2I33icLOHONNk8kW9IbMvmwrFPmO0ATuNp6N/XEtOuzQCd9h3i957XtbADwlxrm0VmVaeonWwAEkkjmkR8xNhfDRQajVSnVpODTLNeD3AMAwZibH9ceflxvG+v9kGqPcpRLI2n5gfcj063/PFLNkn5gGjliT06XnaPzxazvirK0a5p1KTuVMM6gQttgZ1GNzv/SfxTxCnqVacP8rSHJjeCY5SWB72jbaUUZp7XZmtAvJ5w0SQEJRoldRA3mx6G3bBlfECQoDMsRykSBvJ1TECx2wGpcS6FLGxvjzh+ZQOrNaG5gqg8oNrEi5Ft8aUE9tCU0Hkqa0dEbVTLEECAADzG4HymdsKebzTuatARTKFoAJuGPzG+4X8NoO+Gr/0RqlJ6a/uEqRrWAzaCDCqTZTzG9zipk/BFHL/ALwF3aDGogAA22UDees4ONwhbb36NTFKpk1UgCJEbDecTVKUD0/y+LJr/wCnrEMpMQATbuevWCMNXCKSZhQ6AdmMDt1677+mHyZGqdaN3oE5BBRSjXoK1N9MOJJB/wB3bVMifIdMNua/91l1qK0GLkWE4XuP5k0KbkNGk3gCWWCNKzv3N+mIPB/HWam1InQpcFbEwWnaBPTtiTUpRcmat0G+B5GoryzI0TvHTyHUYuUgKtXUKqgfEpqwAuYcLoBMW1Kon174F8ZzC0KT6AFrNakw3LMw1PBEiFk36wOuAXCKDU/hXIQ1AguYDweYeYnf1w2HHf3fk9LxPDc1yulZsFSnihmUxe4fmPi0adQiCygkdj1Hs0jEOZTHrvZyyjxdMF020tOPse1lvjzC0ILGbo6VkiZwLYR6Ysq7FBDEr2N48u4x0lHuB+YxwTkmZHGUpX7g4pcVByz6lPK9/Qj9cWcxTanFSmbDcTIxF4p4lry8AgyQbDtiaW6GaF3O+IK7GEZh/Nsf89cCQLsW5i/zE9et+4tizmQSY6xf88QMOuOuCSWibs9/06n8I9YE4H8UaKkKPIR/Tv8A0GCVGoOtgOuIaGTFatAa24JvBmI9NRAxTG3dspBNoZMh4jrJlcvSOlaSSGWAWLaiJfr3IFrssziSpmPiN+7BCdmJjl0mFPrERfba2IM9wsJSUwGCyGM31QJ2OwIiL95Mg454YjqFCsdota5huaJ5thM7DtgPito6IqlQS4LkaaL8Wof3nUHqJgKoE9SJJgL+dHxFXNRwi6uRoH4gWYjUdJEk7j6euCHEs0aGWd5hgOUxMzsNrXM3++AFLOiAdMN/vJZWBvZwehUbzJ2w+0jPbO8lXpmm9M/EDtMBDN9mlQxkWMtcR0HU3wlquX0tTqElTqW7CQpkrE3A5SV6zinRyNJ3DoLKTFiPmUAg7k9dmIM+cY58QZmQKQMMByqZJJJvsbFpiR2A7nA72aqRR4rxANWLrpAZiYGkjmO3QAdgCI64scF4flq7Qxq0tMyQoqAzAgjWGiT3JFxMxgSKVxSksJ3EMCwkSLki5uOwBi4wzZSkMvTZhymCx6QLjePp2Anzwzoysl8TZN6CmksQdIVhdfhGB8QX209BeYtjzIZZqdPmbUwUIpI+VB0gAb3O03uZk4qcPzTZmqlWOWkAqnqRsIB8lW1rAA74m4nXFJyQVLQWZS8a4NlURJYnTftMxbAaCn8i4vF6a1C1RCWDMDogGQ1pBkEQB0747o8RpnUtJYDBhqqqCF1KB0mw3mOvtiGhQZ3JW3xG1DpCiTFvJY/ucGMxo1pTMA3O8RY2F7ztFxvvsW0Luti/l8rUSmW06ksZ20nUBBB9iOv1wy+B889eaJ5lpyyKAdUGbEn8I7nywMr5Z3oulI6kB1EAW0tCySegKAX2EX7DU4bVy7oXDCSCNLDUIuZCsSDEwDBsbYXJBTi0SkvQabKpWapUgyzlxMEkMxfmAM7dsFPDPCVbNfCdTTWqIWBHOoJAjeCA1+8d8VOG52jV0lHKvu0CCLCWE9d5vE7WxeqZs0ilUTqTQyFmEqy1CygkgAgwwnc2uSIxPh8nQ4pqkNreEaaBg1wdjsRHnscQZHwmlMt8RiSZURtEb7T1GDFPjStRp1XgmoisSDYFlDW8rnrirxfNrA+HVVyCoIVpAB7+W/pjjzN9JHJIgyWdK6VY3Bj2P+HBTN07EH/Dvb6DC+cxT1ltSugENDAHmBWxMXk/be+J8lmKdHLovxHqJrIU/M0M5PMS145hY7KBc45KoQA+IMrTbTMBiCDexvAntsRbBDJP8B1Wi2ijIaItFrki7HzuTGI+LZI1aTsRJJ5WPS8/cD298VOFcjCnVGtSpBX5pWLnmABG8gXjFL5R76ErZL+0DiVEmmQQqmeU27cwB69NPW+3Udkq9MA1KWyjVcbwJj7YizFFKtXVo0gWANyAD1PU3xdqUwhNOmqqKgljHQm//G57YtqlH2dXjYZZsiiimzvUZq9Tlaox0gmQizYT2E7xcycHuJ1UOWyoRSn7w6QTeELKWPmSQT/u64E0VFWstNbIDueyiTt1iWOLdJzUfLrEhKZaNwNVR2v5WX2x0R6Po5YorjGPp/waJ4QecvF7VKoE2t8RiB7TGL2ZXA7wQ+rLk7TUqfdp/XBWuuO6P6UfP+Sqyy/dgbNLj3E+ZXHmFogIlCiHGpCPVTII88XsvRYdP+2/2OEWlwB1J0Myeasfra/TF5cnmVGmoxqKLc0/TVO/rPrjzqj6kTTG3idTKhdVVlQ+Rv8A9ok/bC7W4HTrktl80rrBmmYESI+UAFb3kqfXAbN0NJ+XSe398U/hlnXreIgdSP8APfDJe0MwnmfD2YUsTRYgndRqt0iL/lgLxAQSpXTpt5gj/wCP0weXVy0EPOLmCSo7k9N7Adhg/wAH8NIOd1DH+NhN/wCWe3l7nBU+L2CxDyuR1oxIcLEjSpGoi/zEaYESb32G+POBugzMMSA11YECADJJ8ov/ANPuH3xkiUcsywddXkQnoIlm72Ai3VlxmGapsG1pMrefTeJ3H+bY6cT5Lei8LUbQ7ZFBockahKsq6huplhfyaMXOC5IirdYKKdS7i8FZveFMH/b2iAPhjirmmFYaobUDFiT8ymPQXG1vI4ZMxnEytINWZyuqBEFwCSQBO+kEi/RcZR3Ra9WC+MZgVaj0yCUptBBFmm7EEdoI2Gxg9MBs7kfg1kpBwwcAgap0GBIJ3BgC3lj3guZ5XJLC4YzLSbi5AmCeoH4icFcrlFdFqOv7wHXIJ28x0Anr28sFumaKvYRybik2sfLEKDaDpH3uDA7euFjOFqhLOADE/MIAkQD3iYMdz3xPW4s9VyaR0qrQlxLGwLGR11GPf2ky2WFVg7AloBNo0sDvY9hN+pNjuC9aCt7LXh7g4pj4lV41/KFvAJ2hiI2FiRsMQeN+Ic4oUwRqA1Tvp2AHYEC/p74OUVRQWZiqKCWLdvT629MLfCE/1Fc1XnfUPQCEXcevrgoD2HOF5UUqISYMSSYEGLxsT0Ht7YCVMuuZq/EiKYkD+IoC0EzIUm1+hmxwW49mtFE09mdgDMRoIOtoF+o9fO2BfDcswf4XlLgbRBGixnrf3HfB9aF7YS4bw/QhYHdiqz+JRAtG4JAJH8wwunOvUq1ChhgTpuBCrEG97XPW5wy8V0KNDuqahpkAxBgMQALKFa5j2OAWX4U1CoHeSAocQYBUpMobhhup6g4y0Z9ou0a7WVmuE0ljMkMZGoyeigxB3EncYsaQUIqbqOViCSbkkEjc9AIMxvgaHMK+kozRrVrgtuzXvBANv5COmC2TTV6xIEbxEj10iZ6R54zRu9FSv4dFe9MinWG4M6X9f4W84vN++PsjwnPkrR/05djyjnSCDPLOsAiJtI3v0xoPhnhtOujI6HXSgaxaVYsVAK7xpKwZgBe+DfDfDyJUWprblIIsOl8bTJKco6FzIeDcylOmlQqDF+adJkwp+ouMQ5rw3WUTAMdjeP8AP8uJ0ivzfXcd5xRrJGJzxITsybN5UgwQZxZ4Hl6ClalWrpImzSAsA3sTqnyHU+uGbxdmUDLTjmK8x0g72B1bg295OFXN5INTUmm6md917HfHDlW+IrVFrj3FlFNadCuCS0Eg3AIZjHvpGoenTE3Di1UIzKjRCs23N/Nf5iADtgDnOHlV7Qfm6DzMflg/XoEBjl0LKFAY/iJueUEGBBUiRNja+JcFSURabZ5m0SmWfRrA2A2PYE3gef54Hvmj84E1KhIgAEANyhVvvutxtHfFXh+cNYk1SAADoWCRIsJE3Jv+nYs/gzhBqsc1V+VCQg6FgLt6KLDz9MXxYXdPs+g8XHHxsLyS7f8AUgbQygp1mpkAmlRbV21lGYm+93H0HbA/g1Umsum86UH0C/mMEMrWDPmK02bUReJUkqsGf9vLeQT54E8CUM+8WYjpeCRizfx8ndji9X3W/wB+/wCTT/ARJoPO3xGj0hT+uDdYYCfs/H/tj/vb/iMHaox2Q/Sj57zP+aX7gzNLj7EuYGPsMcxlfhjiK1/3ZHw6qi9M9R/FTnobcvSR7s9HLzAt2ny7HGXmkTXy+mdTVVWQSDdh1HvjX+F5bWoDnn6GBzDpP80Ebb486WNJ2vYjr0C63A6bNzUwehA/TsfLbthNzmQD5n4eWIqc2y30xvPUQRcHGnNRiOYA/TFankFphzTpqjVCWdkAl2O5Y2JvffqcNwpGvVAXhHARQUl+ZybgHbyYze8SBbbeBgzlydURvsAPy/tgRxjiL5dTUFNqii7FSBoHdweYL5xGFDP8er5kqrwiOoZKakjUpBvUJA1REEERa0zecISlsMI8nRZ8Y8TWvmXRtRpINC6QGFpLMDOnmMdbgLhVz0LqCgBYjmaWMekQPIWkdYwbSos8hI1L1WTpPQiP5NRmLeWBj0S7MVWQDpsDptbcbdLdJGOmLo7FFKNF/wACUEYyyqNEnTfrsd577468T50VtbTISwHnsTtG8jvcbDcBw3NVA7fDcpyEQOokSDPlJm2xwwZzKF6DQ40UgNUEQSBBC9xI+3nivTFT0VOB5LUyhS1hzCSCVkdrxN4k7HB3xHRBoVfhOgOkjz0xBEXgkAiPPHnAskNEyNZtqEg7AGOkSZnsMQcdqJUqjLvVVQVlmIknsEBvv7npvgL22M/gWsvlwFXoDEywP00SR/nphw4bSAQEAlTE6QVFhuA3X1GFGllnokSCyTb8RXe9rRbb6YbanGqSZYVLrIU9r35RPWfpGN3IN1EoeKeIrahQFyQXDEGUvZhHUgGB0t1uR4HwwUaQsZO/vYe9v86Kfh4tXrlnJmdTMLWsIn+HpHnh1zlcpSZ2awBMekk7Xnp74cQE58q7zM6eXSB1kfVokCNvexHhXDhSUGLtvHeNhvJAi/l5YXfDVQt8RahHK8sbwCzEkTEbg3na/TDPxrOfDpEgidMD3sPuQd8Bdm9AHidNqtUlQpk6VtcKIkgjlAkeZvBNsTVOINSpPl2CVNcHYDRBULpIIidJBG0TNrG/wjhmhRAYtpjeZmR0sZuT0vgHxupGYLeQBBjpeCJvv9xgfljfgtZzN/DpgDL0wynV8USS0yxRZEAQ+ggdB3iDFKjo0sIClQRe4noLx3n/AMYDvmWrU6dMsNAYAKIm5Iknrudza2GrMPlPggfEqtU5Q1oCxYm6Xhexm24nAjq0Z+mOngjIBcqjRBqE1CZmZsrDsCgVo6ScMGgdR9N8Z34Z8ZVqepq4LI7nlkD4aiwRFnTABFrTAubnDxQ8QZVxIr0wP5m0/wDKMUjKLOacZJloUhsCfcY8bLGbf5/k47+MO3XyPvvH649epPSPf+2CJYKzXBKRXToBuWJO5Y/iJ3J6egjaMUqnAqegoFgEg79jg7XpBxDKCAZG9j3BFwfPEX+m/mJWQYJm4Mi5E7jqThHD8Dcl7Fz/APDKTsZUhTuAfuP6Yv8AEuHUstl3YcqKNTGdgBc/Qflg8rmRAEdb39sK3iDh2Zz1Q0CDQy6kEsdJNSDvAJB2kLsAQTzQqq8cY7S2K5bsy/wxwDMZqoaVDlBu7sAVpqSeY/zdAogk9gCRoPjPNLlctTydE8zJo8xTAh3MWBY29WYjbDA1HL8LybsihUQaj/FUcwBJO7MYH06Yy9s81Ws9etDO7SQZiOiD+UC2J5H9ONe2en/jcM80rk7jH1+Tis4Wnp/Dv5m39Bb++B/DqMdb7RjzjOcjQIJDPpnziY9rfXBDgXDzXq06VLmLG5GwHc9QAP8AO8FF1+57UvJxLI4uSTX9Zqng7L6MnS81LH/qJM/SMEquO6FEIiouygKPQCMc1cejFUkj5bLPnNy+W2UMwMfY6zGPsEQxSpSFLO0DB0rXT2BkT6CcabpiD2g9rRoI/X2xnHGjq1EWLX8x2w+cO4slajSq2515h5kcw9mBGPP+omTu2FnqkyrXO4J/EO/+4Tcdd+4AvMOiGWV0/mQmPfTf6jHTZosgvcRB67xjj/VlgYCseoO/aRuOnbG52E4bOWDSKifxKAGH0s3t99sZ944ya0Crpam7HRGwJOp1g3Evze5ECMOj5YEl6RKN+JSIB9QPzGBPirLlqHxBY03D+/yR9HmfLCwm1P8ABTG6kJ9KqrKHALRG4kdoNrbYsrnvhh1RZWquktPMNrJDAAQYuD07Yr0EpmoVVoFSQ9PSfKGj8JuPKNXScRVabH90AGaTciLLPMbTsDv+Zx1OJ1cge7wxdZIA3MEz+Q/thg8POKumlzHvN5iCDPqoBHURgMaRZtCIbcxuSIAjUxiIA6264bPCmU0UjVWnrZiBGofLMGCemm/nGNJWaL2FquXVBIIgbj77b9cJvDci+ZzD1mssyZN4/CB7C/rg746q1KappqldZjSsDlgye/YCO+Lvh/JPSpLqsTJIHQ9J/phn8GXyVeJKmXovU0/KPlPfYD37eeEGrmKuYcF2sO1lVewAgbfWbnDH43qvVqjLoSYksOk2uxnaIPuMC/DeS/1FUUVGmmt36lgD19bbevTDKorRN3KWxr8J5KmiatIXXBEgzA8x06xit4qUkUwDA1yVJ3VeboI0g6d46YI+IMwaKrSQFqjbaTAAHnBtYDvgPl8tyVDWDHkuxtsRyx6EtIsIExOETHlRx4fyEVA6iRBDEEXuLadx1ubH6E30qBswaYbkQlmEzBIKkReAZNj2x3wQfCy5qNCKstG8KOgvewMd7YqeF6etWrkczkkx0JJJt2uBbGCkGuJ5qpTR3UIAik6Yg2WTPU3B69sJ2ZqaiHPztdzMEmfS1rXmPbBzxdnWSitLZnIt3A367HaPPAvhtLW4BckOQWWd463noWv3nffBYYhPgGV0guwA1fKOog79v7D1wRpZkHUNwvmFMmASJIk835jriPOVAqckCIC7i8xcxAM/l6Yn8CcCrZskXWmjc9WBv+Kmnc7Sbx17Ev4A2u2TcL4LWrs1JKQ0tZ6jEQsWEwNWoDTa83FhOH/gHhahloaNdT+N4kf7RsvtfzOCGVyiUUFOmIAECP69T549diMGMEjlnkctFlnAxwaw74o1szbz88D62cBG8YYnQafMqeuImzijrhXr8app+P645PiWhoZdRliv2k41oNMbaedHfFpa84R6fFAfkacEMjxw7HGs1BPxbwMZ6j8H4zUiDqBABBYAgawblRMwCMJOT8BZnWUq6UUH5lOoEd12+hGHmhxANscEqNeRf64EoRn2Ww+Tkw3xdWZN4+4IKP8ApUpiys58y0AyfPfDx+z3w0uWorUZR8aosm3yqYIQDYdJjc+mOOP8FavnMuGX90FJ1dCSQzqe3JTUDvrPYw3HCwh9zfwRlJylyZw2IKmJ3xBVxZmKVXH2Pa2PsAJh2aqEnBXwdnyFeifwtqX0YQR9Y/7sUK1NUEt9hf8APFBc41OqrpynSWv1kWnyt/lseWotqhR/y+Zso/mI/X9RiWjWUESYIJAInrfoNr/bywB4Zx2lmIUHRVNwh/iH8J2IMethbBX8UgQH6dmHT66h7jCJuLpmDWXy61BrEgjrNwdoOKPifKzl656ikzGOoUFpjyjFbL1iCTJEkAkbraFPpYgg+uCoaUZXF9JHqCIP5wRh00GL2YtmeIs9VSqqiow02vyGQZMmZgWO0CMFgGTL/Ef5qsKIjVCkMRG8QrAmw7TfAeiKbBGQiRAaevSSCIn88E+aqEUIxC2sJvfcC8wcdsn6OuMdWdVMs7VRR3khbWkReJ3NzjRspwxaaqiWgfpP0thb8D8FfW1asOcAKNV4AH6bYZPEvExQy5JYB2so6sYsPIefTBj1Zn8CrxFTmc1RWP3at+onTJgkRFhg9xZjSQ6VvYDsWNgv0n6YHeEuGlE+LUJMBpm0EmP1N/I4B+NeL1arskkUgzU0UAg6lILNEXFwPe3XAT0NWyjxbNKgKpf4hh3iWqQYOk7insBtN+mCv7PeHsnxa78qMsLqttctEmL/AJYXqJ/1DhCNNwtODLDYRY9hJY9hGHvj2XC5X4SnSCugT2gz7EA4PWjMX6PiF61VgpABaGAhuX5V0tv8okx3OL5V2pKqliQSeZZlTysEYyeUAEzvqtEYW6mUFAa6ZltYUgGYtPT+Y7TI0+uGXwdlAaesnlFgu/MCTMdDBiexwKp6N2tlHxRW0BMvTU6IXUTPy/KoJ2F43PTB3h+UFFNKqGBBnyHlJ2GA3D8wK+cJ+am0LECGUA3Nv4lww8VqU6SAM4UMdIZjpO/n1I++N7C9JCbx4NVrF15wh+GvURudtrGfp3GCPCsqwUteIjbsd4A2HTc4oeFaPxaqo6zpECZgCOgECxn3vGGDj1ZaQC2AAMkmLCx9+wvgpWZ/aqIMlkTmq1PLISGbncxGldp7GxBE25k7yNhyGUShTWlTEKojz9SepJuThG/Yvwo/Cq5yoL1XOjypqYAE9JkeYC4fzvh0qOTJO3SPHIGBfEOI6Ra5OwGLGeMiP89MK3iPji5ZZIJdvlAE/XsvScZuhYxt0ibOmowLO+nClxLjhVyFqToR2IKnSdIJiR+IkQB3jvAFZzxFXqTBqNpao4BcCATygyDyoCLAxduwgZwfNUWrJUrlnRSxZVUEiQAJAMsoJ6jcbYlJ2rOmOLi/uCuRr1KrkuyKBzGZlwCAxTWJCxFmiCbSZGOOM5oIRosZEqd4MdI8wfY4G0KlT95UCkqoJCX10gDCqCeZSJOxJsAd7xHMjUCASwvIaNOlBDkSDr1GTe/XocBRdlZcXQcyHEQGRUYMxtFxMTNtxEE3AtBwZyHFEq3Rp/z8pwgGiSylCtMbrpIWBBDGdytiOtoGJ8rxU011aiWlgDqLHXMizfgiQYP4u4EtTXRPhF3ejTsnxAzYwcNXCs+GF8Y/keNVHFMgSz9doCxqEC5M+m/WDL1wDicETh4yOecOJoOXqyMWJwHymYtIwTo1J9/zxREzp8V6uLD4rVcYJUq4+x9Ux9jBM/8AEvBKSUQVBnWq99zH2mfbCpxGmCGWBYEg9rdMaR4py+khexLfQW+7DCjx/IAISIkLcxEmP8+uODLqRmIToVcd+kfaOs4eshxF4AdHYAfPBDTa+0W+tsReA+BiuxqkbHSp7Rufrb2xpOV8PoALT9vzw/0+a2NGK7YnUM2jtYiSIZYg+sdgftOCfCq2r92267E9v7f0w0rwahUBWpSUx3/T+uKeY8KU1cPSqMl7qTqF94LX9p74m/Gkv0h4qzPf2oeG0SsKyKF5wXIHzLO7RuRO+/6K9Xh7B1SRJaB9riPzxsvivIrVQq20Qfe2Mmq0WpVhTqqR8M/OBIgde9xYYvNOy8KoefDuSVKQIsGGo+m+2EPxvxk1syQt0pRHTmI38/Xyxcq+O1GWZVn4whVBBAA7+wm3mt+yy+aeqQzAWAEgdB027Thl1VDe7DmS8YJSRqdSmIOwpvMkgRMkwLGb7sfPASrxNWhuaZJ3NtRnSb95vF8e5nh6QT+KOYecX6m0yQPSd8U8vw6SSLRMyQLdPudsFKKRm3fQa8GgNmUJAIE7iQLRuTuJscFvFfF1FZabsNKpqAi4JBBHnspH074AZHXTBalIOmCY/QxfFbiFFqlQauaoIDEmSSFuT3AMjyA6xjVvZnL4LGbrsKhSm7NT1ArzEx6SZ2J+2G/jXFqFCjTUhyr/AP8AMqrEdZY7CC0ReR03COaR0loA7b2t3i94t54vITUj4mpiogbQFECB7xfA62ar0ghwDitJMyCtNqaSyoHIYhTEcwElomfI9ZJJ/wATvTek8kKFEqSw+aeUCZklio22JOAVDgqvT2VmIlgGuIJAdlmxsQTebCNpIjwrXq0lMDSk6UkyfMhrarR6T3wqdhk0lvsHeH+IrSdNQDFgRuVMzI2sZmI7zivxp6mZzApoCTqVQQJu0BSewGrr57Rctwfw4DVCOpQ7TFx582xsLiLeU40Cjw1KbZehTWApkk7mJaSevNiiTJSmqtB7g2SWhQp0U+VFCj0AjFqq+PV7Y5qjDnKCs9WCjUxgmw9TsB3PljIvF1aqc5UpuXUttrkBUcGwEbExeOjbyQWD9qXHGLGhSaykfEImUJBK3BttO0+mEjjnEqtdg1ZteoBQSvQKWQiVBjnmTvN/KcnJy/B1YoJK2WBXhhWNRV5iI5TpUNcaCQNMEwgMEW3JxYp8Ry40VFpswVoaWWnaTpA6gEbjVI1zf8QauGcG5AECAoBAiQYPSCAIiBvMYhyPxlqAoYOlpk2OhCxDbSsJ1MYDgmirm0xoelVdG+EqETTgsCjgtDGmoYnTcsJsL7wRgRxypSaoKlKBTZAwtBBVSCGIhS4HX8RPWb9vxJ6rU9BZRCyrOpWQSIafmSAInoL74ocZphWZBoCiDKAGSQLNpYgQWIkfS8Y0U06ZpVVhDOU0V9dMhgsqQsQQGK6iYPKyxfURJmYJApcQqVVMiNQMvKA3YA8+oQTYGb/1lyQBJpVKimoDyEP8xMgpIU/QleguTjqtXQrFRSxEb2AXcgqFBY6o6jTeROCtMzScSHh1SprSJlWuCRI2M3Oone/ljQuHoSFeSNW46A9Y8sJSZ+moHwkJphS5cxrBNyrkEjoBBAHLI0ajht8K501kZWUgD5Z389icb2SybjY9cEzM8p3wcy1TphZ4Mbr6YYKTwRiqOVhFjOK9U4km2IapwQkKrJx9ixlKcmcfY1GAXjemNUdWUD/uaD/xGFzjFEHLva7Kxnfp9v7YbvGGTnRU/wCk/cj/AO32ws8WX9yfMAfU3+2PPz3zZmVv2W5SKBqHZqjwB0AOk++tWw/UqgAxnP7L+Jj97lGMMjGog703MmPNahaf9y4faK9z9cdkP0joKqoIBwJzBao+pDYH6wb/AHBxcOYVVM9sVOAmaWrzP/InBfY0dFA5N2Lg3Em8b/0vgZmPDispJgnaSPt6f1w1OsARvG3fqcQCpYg2xn8jcmY7xHwqRd0sdiOnlP6bYG5rhFaCtMjTsACVnoNUzJC2mcbPUyflbFZ+EU5k01+mAZSa6MVHC69MGQdPWXtA6wbef9cU6NVeg3O97g9BFp6zf32xt+Z4HScRoA8xbALPeBw2wRh2Zf7HApDLI/ZmSZiLfMB0JBHexI/y/fFjK0VqMjEAEyNMG8AgCO8x9tsPifs5LH5EAm5FvyGDvCfBVPLtqhfQKB6Sd8BxY31IiNkPB1ausxopi2pp5rzZQw+pPTAnO5QUczpH4GIM29bf5PptuVPLcpAwqP4EL5413ZHy7amakwJOplIOnoOaGDAgiI8znBtKhYZEm7BPg/h75h2JBCUuo2OqQqGDcgaj5cvfDtRy42wT4dw2lQpinSRUXsB17nqT5m+Is1Q6jDKHFCSnydg+rlEnWwAI/EbeW588UuH5gHOovQK36YKvthVyVeM8Pcfr+mChJD+tKTbEVYYlV7jEddZBA36T36ffBJmJ+KxUGaLMAVqVHIVmOldBLI242Mt/1v3wuDLvqK1IqFeUDl0kEa7Mt2e83Bt64M+O84XYsx/eq7K1MiyhdzETdioB/lY7ESJy2UVyWqVHFiytp1aIXVzLO3Qkedu8/VnbFdE1dnZVKIFADBobUTJUgnUOWLBRAMiOsY5fMOqkOSFiYK3UMBJuJI0rAk77wDfzM5h0RUWIYailwdRaARqESAqkb2NokjHnD2qVKZAeSBqh5KkggkGd7GD7eUoV1tFSvTdHqLpYANygwBAMpM2FibdL2xbfnphGpvTZlBLm8oGbf8SrI266R2g3fEPGDUpUaJckqgLESXDDl+HJJuJcmT53sMDsqTysKggQCjEzJYppEjnNmbqArA7yMMrq2hG11Z9SqAVVauv4IgybaCqxp2KmCABeB0kYnzfwTU00wSSiolOTU0mNAXWCCTGokRAaBzCQKtXhXxKhDVFXVcFrFpspChrEsb6jvO53pLl2V9LkSsGFI8gVNrsJ69uuGVNdi7T6D1LhxOlqSuXsYpLygWB1FbqDqAEsIMjrhg8O5tTADXAMsYKntcGJggwb7nbCjTZgpK1SQFUqpGkybaDcWgmW2km3NOCHBsuDXYXKsx5isSNtS7HSb74T8hmlwZpvCOILqUTJ8sXq5dqoJJjoBgNwPhrfEDRAFh6YccvlFkNuQO/6e2Kq2jz3bLtORIPf9BjhrnHRbf1x3lqUtq9vpP8AXDexyenCrJIHmcfYQv2xcf0U0ydNirVOeoQYIRTyiQZBZx9EbvjzFKAaBmqCupRtiP8ACPMG+EvjPD2WabDbr3F4Iw70qgYAjrilxrIrUQsZ1ICRAknrEdZjHNmx8la7CY3wlDR4glXYUy4f/Y3L9iwPtjTvinv6encYWuBcOWvWq1o5TT0kebFTPsUI8iMXQa+X5dPxaY+XoV9DB+498TwuojpF/M5gk6R/5xLwp6lNQuq0XBH5YH8P4jTqE/hbbS0T7dx/bE+b4kqjT16Ab4taGsM085Yz5+9p/L8seZXLiqdW6A/939owJpoRBrVadBLfOwDH0Bt/m2LGc8Y5TLoApZgogADT96hWfUTjOcV26A5JB+pQBuMQPQHXbGY8f/abWqqwoslFe6ktUIPZogW/hEjvgb/6gtYasxVrVeoUsYPrqNvTThHmj6OjxPGfkXTqv+zVwKZMB0J7ah/XFhcuB0xkbHJC3wncR1IST5iW89iOlsTUeNLSP7r4lMTYCs9h2idM/wDTgfWXs7X/AIyTX2t/7Vfz/BrSU8fVaE4zjLePKyL/APt1kbLUpqZ/66ZSLd1OGDhfjnWdNSiCZiaVRX9whIaLxacUWWDOTL4ObGroZ6NKMTBcVDxNbQjX6tCfZiG+2Pn4lpsUPpqSf+WN9XGvZx0yw+K1bEi5pXsDB7EQf7jzGIaxw1pq0ApZk2wjcSq/DzCv2YfTY/Y4dsy2EzxbRhtWFvYX0aFlqupQ3cTiwwthd8D8RFbLgE8yHSf8+/vhkp3EfTDIQyf9sPCaXxKeY+HJeUc3gsEJSQOpgifITbGe8Pq0xUAqAhC2lmMnTJuxFiV0kmBvf2/RXGOFU8xTanUWQRGMZ8a+CWyrmqAzof7C5n5to8491kqZ0Y8mqANdwKun4hcm8yrE7kMpBuQRYHrG0YhqVA3OAqsDqiDzKdTbLsJAXoLrHUivmKhRhVp2HWTcmZg9SpgD9cXOGt8Qrrplg7AcikSsEk/MJ0yLGeknbAqlZZS3R7mXcg2ZnDQZUaAsAyCTqBmCDIG/Q49ocWLkC6swgECDMmQOlwfv54nbKtrakoJIDMabFgWgCRqm9gTvbTJgiwnKpoqQVkBiYAJuI5bztce2+FpNBtp6GGpU1Uyj0kUAsFEAHVJaBpAIQKApUmZY7MSQGzGVpsFcEimpCsQu5mNSgi55ZIJ/EL4uZ7Nu4pmmNL3BVYLRpAcELsDcxOx9sRcOzUayxDalhg0WDdYB3kyAt4BPSMZJoLqWiEcIqhA6oSlUsFWCbgc0aJNp6gbA3Aw0eDcnWeuH3oIukEmbkzyzcj16YDZZmaoaaSCZ0ohIEE6S0KAulgSNNpkCBNtQ8PcCFBNZUCpUg1IAF4+XlAECTsO+Crb2Sm1GLoO8NpyBgrSiMVcnR0jz3xYJgR3xU5CVBOJc7m6dCk9aodKIpZj5C9u58u+O8vTjGV/tg8U/FqDI0jKUyGqkbM4utP0WzH+aP4Th0jCjxjij5uvUzD2aoZgmdKiyr7KAPMyeuPMUwMfYJjTf2N+MWq0/9JXP72mOVifnQWB/3CwPsepxpuPzK7GjnXFIlPh1eSCZW3Q79cfo3g1UtRRmMkgX9sInZXJBJJr2DeM8Clvj0D8Or1IFj/uHXz/W4K/nKmZqVgvxhl3C2RlU03/nViDIMjfY2kE6Q/nAnjWSpurKyggLrHQhtpBFwYJ27nEskPZNMVM1wvMk/vqVJj30spPuhI+owKz/AAHMswZKdWmsQRRqAk+fKSesbdPWfczxSt/o4+I3KaZHkWV5jysIGwi0YNeCOLVqlXQ7lgFG4E+5iT74gmm0tjWwJSy2WoDVmKFde7VJWT7sgPuMfZrjWTpoWo5Y7EyuhJEE/MgLfnjSc5UIRr98Yf47UK5qIAjE3KAJPrpiT64rLFwWmKdV+ADNMWAVJjaoAJN41P8AMdsWa/gzNBQVV4Fr6T+R/TAPg9UlFJM2wSVztNu2IXuj6zx/GrEnClaXrf8A6T5XgTA/vBWHpRLf/dcX6fAqP4hmifKiE/5uRge+cqEEGoxA2BYkD64qZiqT1wFNfAz8eT7kxl4f4cy9V/hinXBiSX0BQBEltJJ67dTaRvhw4XwyllxpooEkQWiWNtyfXt+WAf7N0H+mqPHMakE9wBMfc4ZEa/0P2xDJN2eJ5Em8jjbpaJIFrXm/9b7jb3HniKrc2mYnvZRvjrt7YjpfO/8As/OcJ26/vRz9HVFiIBkj9Y6dQdhI8pxY+LMiZjZu4/Q9x5g9cQdfocfC0HzX/mq/kxHviuDI1LiJOK7IcwTO2FfxpnKSJDOA4/Dufp098GPF2YanQZkYqdpHnO2Mwzdze++Ouc+JCTpF3wn41XL5lQ0rSqHSxJsD0Y9hNj6z0xtGXqBhqBx+cuM5ZALKMa7+yTO1H4fRZ2LG4k9g5UfYRimOVqxE7HrTNxv1wP4pw2lXpmnVQMvmJg9CPMYI0Me5lb4o1aD0Yp448KNlaj1mLVaTc3IFQhwpUMYFhf8ADGwkGMKlNUBU0ZfVOpNJIpzaO+qesRtvje/EVINRqBhPI3/HGI+I8sqwwABFNb9doxGWnR14Z2tlPhjlSpAChZZZiVIMgENuJuLSJkXnE9SnT/eVlspfTpADGeigqIv3AjykQKlFYFFhuWqSe/Ipv73xo/grhlFtQampBbVEWm4mNpjAfdFW6VihwbwnVqK3wtMtJkW0EGRpN+XmInrpFuxrKfswJAao8N1AEgGZtq3ievYY02llKaTpRV9AB+WOjh1G+zllkYE4N4ao0IKoNQ/FHWIkDYT5YM/AxLRXHVTfFKS6JOTb2S00tjrKU9baugsMRZhoT/O2CFJYURa2CgCv+0nxeMhQ00yDmKoIpD+EbGow7LNh1MDaYxGiDckkkmSSZJJuSSbkk3nzxf8AGmaepxLMmoxbTWZBPRVOlVHkB9yTuScUlxQx1OPsfHH2AY//2Q==",buoc 2,cơm,buoc 1,ngonngon,buoc 11,Bữa Trưa,Nướng,0,658470d2a5eb7a8f3b17483e,4
6582497663c234fae8f42054,Sườn heo nướng ,https://cdn.tgdd.vn/Files/2022/04/07/1424410/bo-tui-cach-lam-suon-heo-nuong-bbq-chuan-vi-cho-cuoi-tuan-202211221345442766.jpg,"1. Chuẩn bị sườn heo:\n- Rửa sườn heo sạch và lau khô bằng giấy tissue.\n2. Chuẩn bị nước sốt nướng:\n- Trong một tô, trộn nước mắm, mật ong hoặc đường, xì dầu, dầu ăn, tỏi băm nhuyễn và tiêu. Khuấy đều cho tạo thành nước sốt.\n3. Tẩm ướp sườn heo:\n- Bôi nước sốt nướng đều lên cả hai mặt của sườn heo và để thấm ít nhất 30 phút. Nếu có thể, để thấm qua đêm trong tủ lạnh để hương vị thấm đều.\n4. Nướng sườn heo:\n- Trước khi nướng, hâm nóng lò nướng ở nhiệt độ khoảng 180-200 độ C.\n- Đặt sườn heo trên khay nướng hoặc trên grill và nướng trong khoảng 30-40 phút hoặc cho đến khi sườn chín và có màu hấp dẫn.\n- Nếu bạn sử dụng grill, có thể quét nước sốt thêm lên sườn heo trong quá trình nướng để tăng thêm hương vị và độ giòn.\n5. Kiểm tra và trang trí:\n- Kiểm tra sườn heo để đảm bảo nó đã chín đều.\n- Trang trí bằng rau mùi hoặc hành lá để tăng thêm vẻ đẹp và hương vị tươi mới.\n6. Dùng nóng:\n- Sườn heo nướng thường được ăn nóng, có thể kèm theo cơm trắng, bánh mì hoặc salad.",1. Sườn heo:\n- Khoảng 1-1.5 kg sườn heo (có thể chọn sườn cắt thành từng miếng hoặc theo sở thích).\n2. Nguyên liệu nước sốt nướng:\n- 3-4 thìa canh nước mắm.\n- 2 thìa canh mật ong hoặc đường.\n- 2 thìa canh xì dầu (xì dầu màu hoặc xì dầu hạt cay nếu bạn thích cay).\n- 1 thìa canh dầu ăn.\n- 1 thìa canh tỏi băm nhuyễn.\n- 1 thìa cà phê tiêu.\n3. Garnish (tùy chọn):\n- Rau mùi (hành lá) để trang trí.,2 giờ ,Dễ làm ,3 người ,Bữa Tối,Nướng,0,65847078c932ddea4a36487a,4
6582512a63c234fae8f42062,Gà chiên mắm,https://leaufood.com/wp-content/uploads/2022/04/dui-ga-chien-mam-toi.jpg,"1. Ướp gà:\n- Trộn nước mắm, tỏi băm nhuyễn, tiêu, và muối vào gà. Massage nhẹ và để nghỉ ít nhất 30 phút hoặc có thể để qua đêm trong tủ lạnh.\n2. Nướng gà:\n- Trước khi chiên, đặt gà ra khỏi tủ lạnh để đạt phòng nhiệt.\n- Đặt gà lên khay nướng và nướng ở nhiệt độ 180 độ C trong khoảng 30-40 phút hoặc cho đến khi gà chín và có màu đẹp.\n3. Chuẩn bị nước mắm ướp:\n- Trong một tô nhỏ, trộn nước mắm, đường, dầu ăn, tỏi băm nhuyễn, và tiêu.\n4. Chuẩn bị bột chiên giòn:\n- Trong một tô, đánh nhuyễn trứng.\n- Dùng tách khác, đặt bột chiên giòn.\n5. Chiên gà:\n- Đặt mỗi miếng gà đã nướng qua nước mắm ướp, sau đó đặt vào trứng đánh và cuối cùng đặt vào bột chiên giòn, đảm bảo gà được phủ đều lớp bột.\n- Chiên gà trong dầu nóng cho đến khi chúng giòn và có màu vàng đẹp.\n6. Dùng nóng:\n- Gà chiên mắm thường được ăn nóng, có thể kèm theo rau sống, salad, hoặc cơm trắng.","1. Gà:\n- 1 con gà (hoặc phần gà ưa thích), cắt thành từng miếng nhỏ hoặc phần ưa thích.\n- 1 thìa canh nước mắm.\n- 1 thìa canh tỏi băm nhuyễn.\n- 1/2 thìa cà phê tiêu.\n- 1/2 thìa cà phê muối (tùy khẩu vị).\n2. Nguyên liệu nước mắm ướp:\n- 2-3 thìa canh nước mắm.\n- 1 thìa canh đường.\n- 1 thìa canh dầu ăn.\n- 1 thìa canh tỏi băm nhuyễn.\n- 1/2 thìa cà phê tiêu.\n3. Nguyên liệu vỏ chiên:\n- 1 tách bột chiên giòn.\n- 2 trứng.\n- Dầu ăn để chiên.",2 giờ,Dễ làm,3 người,Bữa Sáng,Ninh/ Hầm,0,65847078c932ddea4a36487a,5
6582eeb262d89f5cf0577890,Cơm nếp,https://images.fpt.shop/unsafe/filters:quality(90)/fptshop.com.vn/uploads/images/tin-tuc/156096/Originals/anh2.jpg,"1. Ngâm nếp:\n- Đầu tiên, đặt nếp trong tô và rửa sạch dưới nước lạnh.\n- Đổ nước sạch vào tô, ngâm nếp trong khoảng 4-6 giờ hoặc qua đêm. Quá trình ngâm giúp nếp hấp thụ nước, làm cho hạt nếp nở và dẻo.\n2. Hấp nếp:\n- Sau khi nếp đã được ngâm đủ thời gian, hãy đặt nó vào nồi hấp.\n- Hấp nước trong nồi đến khi nếp chín và có độ dẻo mong muốn, khoảng 20-30 phút.\n3. Xử lý nếp:\n- Khi nếp đã chín, đậy nắp và để nó nghỉ trong vài phút trước khi sử dụng. Lưu ý rằng, việc này giúp nước hơi trong nên được phân bố đều, làm cho cơm nếp trở nên dẻo và mềm mại.\n4. Dùng nóng:\n- Cơm nếp trắng thường được ăn nóng, có thể kèm theo các món như thịt kho, cá, mắm tôm, hay dùng kèm các loại rau sống, dưa leo, ớt...","1. Nếp trắng:\n- 2 tách nếp trắng (có thể sử dụng nếp gạo dài hoặc nếp gạo ngắn, tùy theo sở thích).\n- Nước sạch để ngâm nếp.",2 giờ ,Siêu ngon,2 người ,Bữa Sáng,Luộc,0,658470d2a5eb7a8f3b17483e,4
659130e616687af90fc56795,Bồ câu hầm sen,https://cdn.tgdd.vn/Files/2021/08/17/1375851/cach-lam-mon-bo-cau-ham-hat-sen-ngot-thom-bo-duong-202108171837560985.jpg,"1. Chuẩn bị bồ câu:\n- Làm sạch bồ câu và chia thành phần, bỏ đầu và chân nếu bạn muốn.\n2. Xào gia vị:\n- Trong một nồi, đun nóng dầu ăn và xào hành tím và tỏi băm nhuyễn cho đến khi thơm.\n3. Xào bồ câu:\n- Đặt bồ câu vào nồi, xào đều với gia vị đã xào.\n4. Thêm nước dừa:\n- Đổ nước dừa vào nồi, đun sôi và giảm lửa nhỏ. Đun nhỏ lửa khoảng 20-30 phút để bồ câu chín và thấm hương vị.\n5. Thêm sen và gia vị thêm:\n- Khi bồ câu đã chín, thêm sen vào nồi.\n- Thêm nước mắm, đường, nước tương (nếu sử dụng), muối, tiêu và nghệ. Đun nhỏ lửa thêm 15-20 phút cho sen chín mềm.","1. Bồ câu:\n- 2 con bồ câu (hoặc theo số lượng bạn mong muốn), làm sạch và chia thành phần.\n2. Sen tươi:\n- Khoảng 200g sen tươi, làm sạch và tách từng cánh hoa.\n3. Gia vị:\n- 1 ống hành tím, băm nhuyễn.\n- 3-4 tép tỏi, băm nhuyễn.\n- 1 củ nghệ, băm nhuyễn hoặc 1 thìa cà phê bột nghệ.\n- 1 thìa canh dầu ăn.\n- Muối và tiêu theo khẩu vị.\n3. Gia vị thêm:\n- 1 thìa canh nước mắm.\n- 1 thìa canh đường.\n- 1 thìa canh nước tương (nếu muốn thêm hương vị mặn).\n4. Nước dừa (hoặc nước luộc gà):\n- Khoảng 1 lít.\n",2 ,Dễ làm,4 người,Bữa Trưa,Ninh/ Hầm,0,65847078c932ddea4a36487a,0
65958c06515d005cfe88c885,Ếch chiên xù,https://img-global.cpcdn.com/recipes/59541650fe82cf24/680x482cq70/%E1%BA%BFch-chien-xu-recipe-main-photo.jpg,"1. Ướp ếch:\n- Trong một tô, ướp ếch với nước mắm, tiêu, và muối. Massage nhẹ và để thấm ít nhất 15-20 phút hoặc có thể để qua đêm trong tủ lạnh.\n2. Chuẩn bị bột chiên xù:\n- Trong một tô, đánh trứng nhuyễn.\n- Dùng tách khác, đặt bột chiên xù.\n3. Chiên ếch:\n- Làm nóng dầu ăn trong chảo hoặc nồi có độ sâu.\n- Quét mỗi miếng ếch qua trứng đánh, sau đó quấn bột chiên xù, đảm bảo ếch được phủ đều lớp bột.\n- Cho từng miếng ếch vào dầu nóng và chiên đến khi chúng có màu vàng đẹp và giòn. Lưu ý không nên chiên quá lâu để tránh làm khô éch.\n4. Dùng nóng:\n- Ếch chiên xù thường được ăn nóng, có thể kèm theo sốt ướp hoặc sốt mắc khén, và dưa leo, rau sống, hoặc salad để tạo sự tươi ngon và cân bằng hương vị.","1. Ếch:\n- Khoảng 500g ếch (đã làm sạch và cắt thành từng miếng nhỏ).\n- 1 thìa canh nước mắm.\n- 1/2 thìa cà phê tiêu.\n- 1/2 thìa cà phê muối.\n2. Nguyên liệu chiên xù:\n- 1 tách bột chiên xù (bột ăn chiên có sẵn hoặc tự làm).\n- 2 trứng, đánh nhuyễn.\n- Dầu ăn để chiên.\n",2 giờ ,Cảm giác ngon,2 người,Bữa Trưa,Chiên,0,65847104a5eb7a8f3b17483f,0
659625090b7ae60c70588b1e,Nấm rơm xào tỏi,https://i.ytimg.com/vi/IGamR8qaxPo/maxresdefault.jpg,"1. Chuẩn bị nấm rơm:\n- Làm sạch nấm rơm bằng cách rửa nhanh dưới nước. Cắt nấm thành lát.\n2. Xào nấm rơm:\n- Đun nóng dầu ăn trong chảo.\n- Thêm tỏi băm nhuyễn vào chảo, xào cho đến khi thơm.\n3. Xào nấm rơm:\n- Đặt nấm rơm vào chảo, xào đều với tỏi.\n- Xào nấm ở lửa nhỏ đến trung bình cho đến khi chúng chảy nước và nấm chín mềm. Đảm bảo không xào quá lâu để tránh làm mất độ giòn của nấm.\n4. Thêm gia vị:\n- Thêm muối và tiêu theo khẩu vị của bạn, xào đều để gia vị hòa quện với nấm.\n5. Trang trí và dùng:\n- Trang trí bằng rau sống như rau xanh, cà rốt, dưa leo.\n- Dùng nấm rơm xào tỏi ấm nóng kèm với cơm trắng là một bữa ăn nhẹ và ngon miệng.\n","1. Nấm rơm:\n- Khoảng 200g nấm rơm, làm sạch và cắt lát.\n2. Gia vị:\n- 3-4 tép tỏi, băm nhuyễn.\n- 1 thìa canh dầu ăn.\n- Muối và tiêu theo khẩu vị.\n3. Rau sống (tùy chọn):\n- Rau sống như rau xanh, cà rốt, dưa leo để trang trí và ăn kèm.\n",2 giờ ,quá ngon,2 người,Bữa Trưa,Xào,0,65847104a5eb7a8f3b17483f,0
659625520b7ae60c70588b9d,Trứng cút kho thịt ba chỉ ,https://i-giadinh.vnecdn.net/2022/07/13/Buoc-5-Thanh-pham-5-5291-1657694025.jpg,"1. Xào thịt ba chỉ:\n- Đun nóng dầu ăn trong chảo.\n- Thêm tỏi băm và hành tím vào xào thơm.\n- Đặt thịt ba chỉ vào xào cho đến khi thịt chín màu vàng.\n2. Thêm trứng cút và gia vị:\n- Thêm trứng cút đã luộc vào chảo.\n- Trong một tô nhỏ, trộn nước mắm, đường, tiêu, nước tương (nếu sử dụng). Đổ hỗn hợp này vào chảo.\n- Đun sôi nước dừa và thêm vào chảo, hâm nóng một lúc rồi giảm lửa vừa và đun sôi nhỏ lửa cho đến khi nước dừa thấm đều vào thịt và trứng.\n3. Kho nước:\n- Nếu nước dừa cạn, bạn có thể thêm nước thêm vào nếu cần.\n4. Nấu đến khi thịt mềm:\n- Đun sôi nước khoang 15-20 phút hoặc cho đến khi thịt mềm và gia vị thấm đều vào trứng cút.\n5. Kiểm tra và điều chỉnh hương vị:\n- Kiểm tra gia vị và điều chỉnh nước tương, muối, đường theo khẩu vị cá nhân.\n6. Dùng nóng:\n- Trứng cút kho thịt ba chỉ thường được ăn nóng, kèm theo cơm trắng.\n","1. Trứng cút:\n- Khoảng 200g trứng cút (đã luộc sơ qua và bóc vỏ).\n2. Thịt ba chỉ:\n- Khoảng 200g thịt ba chỉ, cắt thành từng sợi mảnh.\n3. Gia vị:\n- 3-4 tép tỏi, băm nhuyễn.\n- 1 ống hành tím, thái nhuyễn.\n- 1 thìa canh dầu ăn.\n- 1 thìa canh nước mắm.\n- 1 thìa canh đường.\n- 1/2 thìa cà phê tiêu.\n- 1 thìa cà phê nước tương (nếu muốn).\n3. Nước dừa:\n- Khoảng 200ml.\n",45 phút,Hương vị mẹ nấu,4 người,Bữa Trưa,Kho,0,658470d2a5eb7a8f3b17483e,0
659663590b7ae60c70588c8c,Nui gà,https://img-global.cpcdn.com/recipes/ea1a2b9fcbbc3a70/680x482cq70/nui-ga-recipe-main-photo.jpg,"1. Nấu mì nui:\n- Hâm nóng nước, đun sôi và thêm mì nui vào nấu chín. Khi mì nui nổi lên, hãy đổ bớt nước lạnh để làm mì giữ độ giòn.\n- Sau đó, xả mì nui qua nước lạnh và để ráo.\n2. Chế biến nước dùng:\n- Nấu nước dùng gà từ xương gà, nêm gia vị với muối, tiêu, hạt nêm theo khẩu vị cá nhân.\n3. Chế biến thịt gà:\n- Nướng thịt gà với ít dầu cho đến khi thịt chín và có màu vàng đẹp.\n- Xào hành tây trong dầu nóng cho đến khi thơm.\n4. Xào rau sống:\n- Xào cà rốt, cải trắng, và cải xanh trong dầu mè, thêm nước tương và gia vị theo khẩu vị.\n5. Trang trí tô:\n- Cho mì nui đã nấu vào tô, xếp thịt gà, rau sống xào, hành tây xào, và trứng gà (nếu sử dụng) lên trên mì.\n- Đổ nước dùng nóng lên tô.\n6. Dùng nóng:\nMón nui gà có thể ăn kèm với gia vị như tiêu, chanh, ớt tươi để tăng thêm hương vị.\n\n","• 200g mì nui\n• 300g thịt gà (thigh hoặc chest), cắt thành miếng nhỏ\n• 1 cà rốt, bào sợi hoặc cắt hạt lựu\n• 1 củ cải trắng, bào sợi hoặc cắt hạt lựu\n• 1 củ cải xanh, bào sợi hoặc cắt hạt lựu\n• 1 củ hành tây, cắt sợi\n• 2 nước dùng gà\n• 2 quả trứng gà (tùy chọn)\n• 2 thìa canh dầu ăn\n• 2 thìa canh nước tương\n• 1 thìa canh dầu mè\n• Gia vị: muối, tiêu, hạt nêm\n",45 phút ,Thuận tiện vào bữa sáng,1 người,Bữa Sáng,Luộc,0,65847104a5eb7a8f3b17483f,0
